,Accuracy,Precision,Recall,F1 Score,AUC,Cohen's Kappa,Log Loss
Validation,0.9981543094445928,0.9886654478976235,0.9974179269642198,0.9930224017627617,0.9999290609516659,0.9919589232838527,0.024932809344919243
Test,0.998130024042548,0.9882955376737381,0.9976001476832195,0.9929260450160772,0.9999358661046776,0.9918486820724138,0.02498946596136468
