,Accuracy,Precision,Recall,F1 Score,AUC,Cohen's Kappa,Log Loss
Validation,1.0,1.0,1.0,1.0,1.0,1.0,2.2204460492503136e-16
Test,0.8903514097675888,0.6519541778975741,0.3572087871515599,0.46153846153846156,0.8198079085685588,0.40624100436980703,1.547903224945745
