,Accuracy,Precision,Recall,F1 Score,AUC,Cohen's Kappa,Log Loss
Validation,1.0,1.0,1.0,1.0,1.0,1.0,2.2204460492503136e-16
Test,0.8955803788246721,0.6451612903225806,0.24793388429752067,0.3582089552238806,0.7501387265358846,0.3134037375553119,1.9217512576787203
