,Accuracy,Precision,Recall,F1 Score,AUC,Cohen's Kappa,Log Loss
Validation,0.9311994560069942,0.6599135268684373,0.9852452969383991,0.7904120736849892,0.9978290871608138,0.7511676251972588,0.10016597203734992
Test,0.9231124171260655,0.6388991731457485,0.9556950341517445,0.7658284023668639,0.9526094444781714,0.7219889243813582,0.18077865463323448
