,Accuracy,Precision,Recall,F1 Score,AUC,Cohen's Kappa,Log Loss
Validation,0.7977511717706487,0.3637216282123429,0.7152342309111029,0.4822183536433723,0.833790854302156,0.3727098366490744,0.5108894630237519
Test,0.7971683221215727,0.36296572976001495,0.7175558427173713,0.4820786307825871,0.8350201113075542,0.37242530276460584,0.5123990719558027
