,Accuracy,Precision,Recall,F1 Score,AUC,Cohen's Kappa,Log Loss
Validation,0.9281204468188441,0.6354430379746835,0.984313725490196,0.7723076923076924,0.9926003217251423,0.731962353769021,0.14119058242642474
Test,0.9232637202525498,0.6346666666666667,0.918918918918919,0.750788643533123,0.9389081939081939,0.7072220282300595,0.19708495089131864
