,Accuracy,Precision,Recall,F1 Score,AUC,Cohen's Kappa,Log Loss
Validation,0.8946742113315685,0.6875216038714138,0.366838804869052,0.47841250751653636,0.8599766970191052,0.4258006436170585,1.0024202806121312
Test,0.8924885251475339,0.6725941422594143,0.3561011630053535,0.4656608328304164,0.8571101096927851,0.41211670039505643,1.0229799658305474
