,Accuracy,Precision,Recall,F1 Score,AUC,Cohen's Kappa,Log Loss
Validation,0.8324792966947567,0.4236499068901304,0.7552563629656953,0.5428154825026511,0.8687491633937899,0.45002771480253767,0.4710582086096027
Test,0.8288122009859873,0.41687041564792177,0.7553996677127561,0.537254644521762,0.8705481779335005,0.44278139723281185,0.47218722099910254
